Title,News Agency,Link,Date
"Who Is Moo Deng? The Viral Baby Hippo, Explained",Forbes,https://news.google.com/rss/articles/CBMitAFBVV95cUxQNkREU1AxSTNvaWsxdmxiYlVWNW4zR2IxbG9mT3E5RHl4U1pEdjBkNHRwWXM0dVpzTFJVZTR4ZjV2Qno0M05sSDdvdXNmd0JNQ3dEV0x0MUR4UmNHZkk2WGVBRVAzbklhSGRTNHBWbGlhbHdwcm8zM09RSWo0bXNXemRnZEE3Nk43NmlELTRvcnUtYmNOVGtKVElIRG9UVTVjQWhTdG8zdWhaSzhNR2k4TzVRN2Q?oc=5,13-09-2024
I loved pygmy hippos long before the world fell for Moo Deng,The Guardian,https://news.google.com/rss/articles/CBMinAFBVV95cUxPU3AwZHhrNmhFRGtYaHV6dHdoNVJPbXAxQVNuXzhFVmsyRkFLVVRRYW1mSWM2eHZyZ1lnUXhHN1BuMW1CVUVnOXBDVFEwQzNlaW5pbEZDYVRhX1RYVmZPTWRTUjBPMWFBRDlqMFlmZUpnb2xnYzUzQUt2ZXpqajdWSmNwc3Nac1hnS084NmVhTlBNV2ZvbXJRTXA2N2PSAZwBQVVfeXFMUHlyX01OaTJwQ0VLOFkxd0djNmt6bGNFNGMzdUlhMEVfcXVQdTVncGQtdXBkSDNxRmVpQk9CQVpVMjJ1R2NwVWEyZVNicGZid29UMXlVSDVMUXFlVXhBYXJnREt6bk8tRThxcGxNV1hhUURMT1NhZnU0T3p5UC1rSFhCY1Z5b3VvSE9mRVZaY2taaDZVdm5pQklVX1B5?oc=5,27-09-2024
"Why we can't get enough of viral baby hippo 'Moo Deng', according to a Windsor, Ont. psychologist",CTV News Windsor,https://news.google.com/rss/articles/CBMiyAFBVV95cUxNQ2djclpUbW0xTDBEcHRCNTd6STZiOUp1b1lWdTFEWFlGZE9EUG1SZ0JRdngwT3NlTWtOTDFWWW5NYkIxbTNrWTRIUmtoazl6bDk1Sjc3Sk9MSTZRM1BoRW9kV196Vk9UVFE4RFM5cWl2SnFNRURGMFhrbWpSSXdYaWE5a0dSMFV5U3paM1dpMDhDeXRrWVo5VDdGc3h4NlhRdEt5YWNGRFZoNzFsV2JiM25DYzl2a2ZpbEJ4V1FaSGRrdjc4Z1REdw?oc=5,01-10-2024
WATCH — Moo Deng's zookeeper tells visitors to stop being 'cruel' to baby hippo | videoclip | Kids News,CBC.ca,https://news.google.com/rss/articles/CBMiqwFBVV95cUxQWFYzTDFhYlA0dUpIclVfSkNNY01vdDYycEhIRjBMZVNtNF8yeldJREE1VGFOLThkM1ZlRzMyRlVzcENod05Tc3kzVi1KTVk4YnlOSGVYVjN4OWZCU0hGY09aTmlsLWU5Z2d6WkFTM1g3OTdlY2FtXzEwNmZNOHljMHFjdFFjRjZoNEFrQTRVckYyX3FKTWR2RGoyd2lGb0twMS0xSl9KR2JXN3M?oc=5,20-09-2024
"Watch Moo Deng, the Sassy Pygmy Hippo, on Her 24/7 Livestream",CNET,https://news.google.com/rss/articles/CBMinAFBVV95cUxPdTRYQ1F6eWZNdVVVcE1wSVJ2QUxxRHFwb2ZrWFItSkZwRzJGZVk0TnVpcHdMTnlhdVYyN0RKaVY5UU5NNE5ZQ094WGcyQnlmNkFhZ3I0anpTV1RPM0RBcUZkSkhNOXVEazQ0TkNFQTdJdERCX2hUU3lxbU9oRHpxeUhZb1llZjlMZHYzaHZtcC1lS21lY1hUY3pBdG4?oc=5,08-10-2024
"Moo Deng, the Baby Pygmy Hippo from Thailand That Has Taken Over the Internet, Is Getting Her Own Livestream",PEOPLE,https://news.google.com/rss/articles/CBMijAFBVV95cUxNa0xDTThpck9kNFZ4QzhUdUMzR3lKZ3p1QUVFR1dGTkNtTWVEcDF1SU9TbHNrX1Jla2xlcnltTDVyMjJuVEFyWUVpbVBJOVVwLUZOV1Bnb2R4dUNhc1lmaFZMSE4yU2kzTDl5U1NsbDhiM3RIckUyMU4tNHBkSlpjTU8zaVMwS1BCNmxILQ?oc=5,23-09-2024
"Meet Moo Deng, the baby pygmy hippo so popular you can visit her for only 5 minutes",NPR,https://news.google.com/rss/articles/CBMigAFBVV95cUxPMXk2VHBNcUNBSl80LVp0RFg1UWJfNzBEM2V3ci02QU5QaEs0WG5IeVlJYTVYRVVJeld1RnBQeHJlQ0ZlYjFPcjFiSVpDakxzX1FDMmtWd3J4VG1VZTMxXzJhZllsRGkteTNXQmVpS1dKOG1OOHdSRFU3NjctR0oyUA?oc=5,18-09-2024
Moo Deng Is More Than a Meme,WIRED,https://news.google.com/rss/articles/CBMiaEFVX3lxTFBKYWQxR2wzZzRKWkhHTF9QQy0wYnJBblFoc0RyMTNEc1ViU0ZVMXZNaGhoMlRnUTM1U1lpME9VU1JzTWdNYktEMU96VjJfX0hjM2RQUjNHclR5RDVtT194S2tsLXR0dmp3?oc=5,20-09-2024
Moo Deng: The shrinking habitat of the world's most celebrated hippo,BBC.com,https://news.google.com/rss/articles/CBMimAFBVV95cUxPTGFSc3NxV2dsVXY5VHhNdWNqMzREVkplTFpKRFMtTUZuZV83dnZaRHlYSWd6NzlsaUNFSjQ1R2lXSWJJSjRleFQ1QXMxUHVVLTI1aTlQdDBZUlpPM1NVUXFtcF9tRmo4OTB0X2dTX2VpQ0ZyUFhNaUZhMEdqTnNMRnBlek96MlFPNlFlMWVmWWl4SndtVDI1cQ?oc=5,27-09-2024
A Pygmy Hippo Is Stealing Hearts (and Biting Zookeepers),The New York Times,https://news.google.com/rss/articles/CBMihwFBVV95cUxQd2JSSEhpa1VzSk5RYzktYnFPUmpzaWh0TmVVVDdEUjloUC1FY0UxWDdfblRoWWZ3dkYzalFpOXRYc1NzMGNOdU82aXJkNkNXdTlJYmJWMURqc3huVzBvSFpBSUE2MmliTFA4VENpNXBMbm9mQ3dUMExaX0ozODF1U1ZaOG5xcGM?oc=5,24-09-2024
"All About Moo Deng, the Baby Pygmy Hippo in Thailand Who's Gone Viral",TODAY,https://news.google.com/rss/articles/CBMicEFVX3lxTE96Zl9TdjBXOTJFNTZsVldobC1DYTR6TjlfcFM1SXZMV3ROcERFLVdpSDI1NkZWblhDRmo4eFU4ZENkTklXR3B0b29SQW1nQ1lPejMzMlhtT0lrZ1B0TkhlSjNMdG9SbXpvUFUybm5yaUfSAVRBVV95cUxNSEZpNm82Q04xVnZaYk40ODN5eUk1UTNkTVNwTXdPck56emV3aDNPOUhOZ182Q0FodW92SzItaWpQWm5rdFhVbFR2d0l0WnZpbEJtN0E?oc=5,30-09-2024
Beauty Influencers Are Trying to Make Moo Deng Makeup Happen,Glamour,https://news.google.com/rss/articles/CBMic0FVX3lxTE8td2ktWnB1VDJrUEZTTHU3RnB2Sm9ISGdVdlF0bG11WXlvZlZKdklHeXJvZEtMczdLZGFVN3JFUVRQbmJOVkoyUXh6U0pzWFZZSlg1ZmhuQlFrOFV2Vy1zYU5QUktSbWR2SnJHdEJfc2x2eEE?oc=5,24-09-2024
"Meet Moo Deng, a baby pygmy hippo melting hearts around the world",Global News Toronto,https://news.google.com/rss/articles/CBMiowFBVV95cUxNa1QtLTVwTmlrYXJMYXFYaGN3b0NNbzBDZlV0QUJGN3BSc1R2V3FpSHlEZDN6WkdLRFpUYVRta0txcXI1QTNEX2JsU3BOWWIwSHlDNXNlSVlBVEw1YmlNeEZGbFRSaWQ2N3ZBMEFlaTUtRUFrbEl2clNUd2FqbWxISWt6WGh2dlJ1TmowbWZueDUxU2pRd3RsTHJuampCSU8yV2dJ0gGqAUFVX3lxTE1BRWlFSzJXUkZOanNKbzh3Z0FqalRNV0N4MWp4R0dXVWMxZ082NDV0ai1OdzlnQU5nUV9TZmkwYUpkSjlUREFYMHhJb3pNMFhTMnJlajJCZzhzRlJ5cGJhNHhJOWo1Wk5tbkowTUZQbGtBR1NRZVpaZy1KUFRSbWlOZjBmd0RNMnVmZGI1ejN1eUxZLTRzaHJtZVVCN0VwWDdGU3p2bVFIQjdn?oc=5,20-09-2024
"'Moo Deng fever': Baby pygmy hippo is a wet, chubby internet sensation",USA TODAY,https://news.google.com/rss/articles/CBMilAFBVV95cUxQeXhXR2JNbE5rUGFrb1M3WFZLSmhKWjZrS0Y0UHVaX3JUN3l6TGtOZ0MwbTBiSDFaT0hlaWpfcDFTUEhDU1pJZndzR0ZJeXBoNkQ3RnQxdEhMLTljblQ3RkplaXFKN2tYcGl1MFRRaGltdWRpSVdYblFCdTFCOFI1SWlGNHJNYU1FWUxpeVRfSHZhNktu?oc=5,16-09-2024
"The Tiny, Feisty Hippo Stealing the Internet's Heart Isn't Just Cute. She's Accomplishing Something Big.",Slate,https://news.google.com/rss/articles/CBMibkFVX3lxTE9vLVRSczR4SkwzemotSFJFR2ZKdlVpbnhUWDF0YmRabmNsRkFJaU01ZWZDbk5HSl9vZzVfSWpBblJFSEkyQU1JQ3I3bTV5NlNpakdMUWZlYlFtaE1OeVRmbk4xSFVGNmpWRTYyV2tB?oc=5,19-09-2024
"Moo Deng, celebrity baby pygmy hippo, has Thailand zoo worried",NBC News,https://news.google.com/rss/articles/CBMipAFBVV95cUxOVGdCaThNT3Rvenc1dzV2bV90SzM4Wm9yNTU4YUIzMk9yRFFKdzJSTkFrOHNrRGx3c2lPNTk4X0N6d21WMWxXc2lRcUhnVW1LTTdGdEVEblZWQi14dVpXd3NQLUE4bGNueVBCWTM0TmozZ2w1MG9HZzgtaUJNMHFCcnFxUGY2NkFvYU9RLXItNmtKRVlMdzR1M3pyUzIzeVpEd3RvOdIBVkFVX3lxTE5aTEM2Nkx3ekh2TU9XWVhhUUU1dEptanBVSWJ0T1hseFFNLXpaUjBxMVlDaDg1THBBTHk0UW1mMm5jMWpudHM1Wml5VURGbEtGNXU2NTl3?oc=5,16-09-2024
Why does the internet love baby hippo Moo Deng? There's a science to it.,The Washington Post,https://news.google.com/rss/articles/CBMijAFBVV95cUxNVHdDdmJsN1R2YlhPVk5OVEtRR01fQVl4LXE5WWVVVU9PNEMwanFUVExERVRFb0V2SU9Kc0tNT09OMFFva0RUaThTeDVjYzZqX3I4S3pvVHU5dkdsdXBwVy1zSVBHQWgtQmN3clFBZUZUOWE5S1QweEtoWFBiUXFNYzFQdGJlaGRBR2JZMg?oc=5,18-09-2024
Why We Love Moo Deng — The Science Behind Our Obsession With Baby Animals,Forbes,https://news.google.com/rss/articles/CBMisgFBVV95cUxNeVJvZWxadlk5Q3RYNmxNWjhJT0JOdUxmSFVyU2ZHLTE1YjJYaVZkeXE4YlkzS2JySmlWUGtLSTNzUTZ0Ym9wUi0wekpMT3FUUUh1MkM5cFNJTF9DR21MNE81aEk0a3RSY1ZPUHhfQ25YYW8wQTkxekpEMS14QVNjRUV2bGFNRm5ZaGNUa0dWd2RFUU9BZW9xNkttSzFXelJZNDQ3M0l0X2huRTZ5N2ZwTG5R?oc=5,04-10-2024
"Viral videos show Moo Deng biting her zookeepers, but that's nothing new for the global sensation",USA TODAY,https://news.google.com/rss/articles/CBMiqAFBVV95cUxNRUNubGdaRlVodUs4emxIZ3VsT3liUjlfTGhsS0lvbGs2REdTczJmeXc2ekhQay1JbkJ6X3YxZ1lIcndSR1hfeUJrUnhfRERzZkRkTkZDZHhJMWpFUVVzXy1Wb0ZLY1hHY1JxUXlha19Qb1VhNVlOcnE2dTN4WTFOU1BEWmg0Szl6SzJuazI3YUpQZjRLcEVPdmdTZmlSQ2RTQ3N6Q2dzZms?oc=5,02-10-2024
Thailand's adorable pygmy hippo Moo Deng has the kind of face that launches a thousand memes,The Associated Press,https://news.google.com/rss/articles/CBMilwFBVV95cUxPaDIyeTRsbGJkWHpsdlp1Q2ZZQ0gtZTJKSXpwVzJrTDhxSENFOUg0MGFDdnduVlNGRjFGQkowUjRKc2lvQWFROG5uQUtKMFVSYVFRaEU5Y3c0YngwbjZKRHJmVTJyeG9XeXE5Sm1aOFpOT1Z5c0ZUMkZ6SXFfd2hNRklMMjZzUjhVYkxZT0pWWVpXeWxfNC13?oc=5,19-09-2024
Social media power: How pygmy hippo Moo Deng became a global sensation,Nation Thailand,https://news.google.com/rss/articles/CBMickFVX3lxTE9Wbnk5R3VaRnlobXV3Y2otQnd6ZFBSMFF4eUF3SFlWSUJJR2pJNFNQYTN1d2FwejZibG9hOUJzQlh3Z29MTnhhQVJua3VJRzVHRzhFTlljVnFPNzUxTUEteGo2R1BNYXNvQy11WnBTLXMtQQ?oc=5,25-09-2024
Zoë Foster Blake: 'I'd fight Moo Deng. She would win',The Guardian,https://news.google.com/rss/articles/CBMimgFBVV95cUxNOG9RSWRHY194RDJkTE8zbk94YWpYX0VJVlVGeUpxSzdBeU5hU3M5QldENnVTbVotamk1akxQOVkza3NBbk1HODJkUWNzMFRkZXBFXzFZR2VDWGVLUnU5MU9STGxtWGV6MElJWXVrQmtyLVhLLUE3NUFrWnlKWWpCZ1h6NEthbEh6Z0hsamRYM1VDUEM0VHlKTmhn0gGaAUFVX3lxTE12NF9LdmhGRU5GWFlMckVteFRldmJSM2M4UE1ac21WNGZ6cGFqdXZrMlRYNDl6UVA3NkNESjFIa013bTN3V0hSUkV3RjN6OEl6WjUzdlZOM3JUenJ3QTRpZnBjNVBmSkV5bXZvTWZVellQS0ZwM2M5b1pJSkd0TktPcEQ3aTU0TzlyV2phT1ItUDhVRV81ekE2elE?oc=5,06-10-2024
Viral Pygmy Hippo 'Moo Deng' Getting the Zoomies After Eating Is the Most Relatable Queen,Parade Pets,https://news.google.com/rss/articles/CBMie0FVX3lxTE54QlZ3c2Judk1TS19HZVlucmFrVWJEV2s3UWcya015dXQ4aF8zX0V2b05mNkdCYXFEX1hYUXdpTkVuUEhKZ0liME1DM1lzVTU4NUN3dFhBWnV4OWF4WkZtWnE4MU1jdGt1d1V3ZXk4cDY4aEt6UFFLU09Udw?oc=5,04-10-2024
Moo Deng: Thailand zoo's celebrity baby pygmy hippo,BBC.com,https://news.google.com/rss/articles/CBMiWkFVX3lxTE1MU3BGWXYyTV9janNJUDVKMVJmNWN1ek1kX3dCV2VrVEhxaWRnUHR0YklZYy05c1Y2M09HVmY0eFlSSFJMS0R4Ri1JTVJ5a2w2T1NRa2w3V2hUQdIBX0FVX3lxTE5qT1ZBcWM4UTVUeVd3RnJtcnhOM19vdlBJRVEtOXlsM05zMGFFQ1ViVzd5a2VnbUF3TjhpYXNBY19nS1lFV0ZXWDU5YTRiR3VUMzNXN1RIZ1k5TTFlNXRR?oc=5,13-09-2024
"Moo Deng now has her own crypto, because of course she does",CTV News,https://news.google.com/rss/articles/CBMiqAFBVV95cUxQWEVRV0hiRFF3dmgxdnZwZjBheHRoeTlOY01mQmlqeDNSUjVtZnhWWmVnbnpwM1ZqWWtzTDYwQkFwZXFUX01GS1hsdmlUdkJsT0dudG1YZzhRbF9TWUJuU3U4UndGdkloTENzMjdNRm5aY3Myb3p5NTJFWGVDQ0lOWW1xbTExbWxVWW9aU2xjS3NHX0Uzc3lMOW5XN0djZ1ZYLVAyVmpXN18?oc=5,29-09-2024
"There's A Scientific Reason We're Obsessed With Moo Deng, The Viral Baby Hippo",HuffPost,https://news.google.com/rss/articles/CBMijgFBVV95cUxOWjcycnFHTUc5MHoyaHlBa3N6NWFYR0NZTTl4cXY1X0VINWZUX2lra0l0YWVRanNRZVp5QXBTY3hxYWZ4VWxfRkRkVjl4RHhRUDlOTFAwQW1Oc2NDSVpDZHdHODNKSHUyUTh5a1N2aG91ZTJPcFNmeTU4NUFWUURTS211SDVMTG5EWFB6dWV30gGTAUFVX3lxTE9NbWhpWDBsR3YxaWFYQjY4azVYOVl2ZERzSmpfa05JWldCTTNGZ0pQZmVGUlpTSm9VVlZ1cVltd3FUdmJIWnBuTVRaWVVSdDc0RmJyWXFWZDREM2szUG4weDQ1SlZMTWtGOFFBSk9DQzlGbkgxSVIzWTlDc3hNNTFpVk9qUDVTWFFUVTdPUjh1ckRWSQ?oc=5,20-09-2024
'I set a goal to make her famous': the baby pygmy hippo who became a giant online,The Guardian,https://news.google.com/rss/articles/CBMipAFBVV95cUxPY25BUUgzR0o0M3JCLXFhcG9JZTVmOHI5bkxfdVZGblk0MnhGem0xRWxTVzA3RmtTWG9CbUw5N2ZNMFB2QlN1N1hKU051b0dqdW5FZ2VtWnNPNzkxaEJXSVRfY3NPQWdGR3NSSEVNQ1lCdzA2SktqbG05LTdUdVI1OHJpeTYtbEN6cUtQaVUtbVNhR3BFYUprZzJhcWUybzBZeC1KatIBpAFBVV95cUxQNTVRQ2pVV0RBVEZUbVhWVklhYWxqOVEwQjY4eUNKX093X3AyYVBDS19BUWowcXdOS2pVMlVCLUw3Y1daOVA1RFd6TXE3eXB4bVZramYxR21JOHVFMUFnQVk4TjF2ZTY4bHBNUTFwams0Wnd2X2NnQnpOZ2o4RE5VUjQ0aG5QYjZQemowTExld2ZZdVlBX09zMG5CYzRyTmdMWVNSdQ?oc=5,13-09-2024
Moo Deng: Why is internet obsessed with the viral baby hippo?,The Independent,https://news.google.com/rss/articles/CBMisgFBVV95cUxOeHVrUTM3bGo2VmFZcGxRN2RYdHBwSXVJamVXQktzdEVJQ1NuN3ljSGxpczNhdUJQcmJOMWgyczVsOGJsSnJ1SlBQNjVmdDNsR19tN0FpQ1drdXdtdjJ5M2pyRnFWX3dlMDRSbVNISzI5cWZybTRKREVuRFdrdEZKVHRaNlBBRDZHYVM2ZEVjSTUycEVUSlBEdmdUeThJX1RKNU50aDQxc19VdXBxVU9NM0dn?oc=5,29-09-2024
She's obsessed with baby pygmy hippo Moo Deng. So she flew across the world to see her,CNN,https://news.google.com/rss/articles/CBMikgFBVV95cUxQbUNSRE1lRzJmbFdFZFhEci02SXE5V2xObXB4YkJPY2NvanllcXFIWC0zblJoZGV2WkoycVFrYjE4RnpCWU9NQjlJUGNGdWVMeUFhNk9sMVBLNkZVNHh5VXN6VWw2R3RqMU0wcHRfU3E4YnZWb1NvS19ucmtockQ3VFBydGJEOFp3NHlXMU9xaWszQdIBiAFBVV95cUxQbEo3bU1vVktFTmYwOUYySmF5bUFFQ3dRc2hqUnNpb05ERDVWQkVPYVMwVzZ4cHFoeVc4QzkweEVobHhyRmJ2S2s0QWFRZTB4LWxYNE1mN3ZRbl9Mb3dxanVIajFlMjZ6Mndwb2dobHZjaGtLU1lpQmVyYXpoM21UQ2NhVVU2bHZI?oc=5,06-10-2024
Baby hippo Moo Deng has a 24-hour livestream now. Here's how to watch.,Mashable,https://news.google.com/rss/articles/CBMie0FVX3lxTE1kcXY1TlBBY3ZZbkVPX1NiVE1odUgya0RTMF9zM2tNR04wal9sdkl2WS1RWWdGMmpFNTI3ZktlRldJV1VULU1YaW8tVnF1dnFac1JUSS13ZFZLSWtDbW1BU3ZocmlvVlYzM2R4eTU5SE45YmpVWWxXVU9PNA?oc=5,26-09-2024
"IN PHOTOS | Meet Moo Deng, social media's favourite baby hippo",CBC News,https://news.google.com/rss/articles/CBMiqgFBVV95cUxPMjM1X2dfNjlJZXhTaW1aMHZHRndWUlo3SnRoMWpqX1BkTGcyYWhxWXQ2UUhvQWxFY3M3ck5JNHRMM3hVTTBKbTE1QU9IdEdrcUxndllzVlBpV0RTelRweFR1X3doemxpNVEzX1pVcURpVEhiUXcwSFE0SFpmYU9WYlRkdkxxazE4SGFjTDZ3M2o5YjdLQWJJTzVNMmd1Uk9KU3FsaTQ0Y3Y2Zw?oc=5,18-09-2024
Bowen Yang's Moo Deng Chappell Roan Skit Is Great Satire,Junkee,https://news.google.com/rss/articles/CBMiekFVX3lxTE9XZm5MdWxqNFBESFRXLUN5QVFIcktELTZ2Qk90M05ZRHc1dzlmcUZ2SDBrVldyRU8tb0FoNmlLcHJaZTJVaUkxeEx6QjBfbDBPYmtOMlZFOWhtUXBOMjkweGV0YzY1aUd4N25Kb0dPNVNPakZ6OUxYdVhn?oc=5,01-10-2024
"Moo Deng sucks, actually",Mashable,https://news.google.com/rss/articles/CBMiVkFVX3lxTFBWTFVFWTd5MHhaZXhaZUVaeVp2SzRmR0ZTMUhIaVJTMHlLaUZEcjBDU3ZPT09oNjBjVXNjNjRBMlhHSEZzYXF0N0FpNVlGcTB0SFJOOXF3?oc=5,04-10-2024
Why absolutely everyone is obsessed with Moo Deng,Vox.com,https://news.google.com/rss/articles/CBMid0FVX3lxTE94aGhMRWJNdmhkc3Mtam5tUmlTdWp1WlctYVY5ZkZWY2l2V3ZmbExlVkl6a0YycXhNZFdiUzBWTkl3MVlrYXNqTEFOeDNHR3otVmR6WVdMWU9EbjJobnpFOU52blJ4NlNNTnB3VGNTMExmbEU1Nkx3?oc=5,08-10-2024
What I Learned From Moo Deng's Spiral From Adorable to Terrifying,Hyperallergic,https://news.google.com/rss/articles/CBMingFBVV95cUxNYnFUMjFETGFVbUF2cjlKNUtFU2czUGoyQ3lCX3pWZVFsQXNwXzYzZDFRTlBoWFNPdUZHMjJKbkEzQnBwVVNUakdqTzhETzNkYzBkbkxpYnJxWkhIUVRpNFh5RDlPOW04MFdELVFXd0NwbWpLcjUxQk9SMUN2bGRtYkt1OXRRRGtZVG82YkxSMHBiNlFIaXg4eWpFZm9Kdw?oc=5,23-09-2024
Baby pygmy hippo Moo Deng is Thailand's latest online sensation. But her keeper is worried about her fame,CNN,https://news.google.com/rss/articles/CBMipAFBVV95cUxNbUlrVWp1RzJCN09BM2NFR0NYRUxwMkxmdTk5SXl4SUpZdGhWUnhhMUNQdGtRNUZnRjR1aUtWYm9sc2RHb1FNNjVnUTh1dWltdUlKV01PQjlma21sM2RKcE5xbF9aY0xoRjcxa0oxNGtENUl6QW5HaXI0YlYxdV9ZSE5vRllYTC05MkhCeFlDVzdWX3JZN2o2WFVvOHg5XzI3ak81bdIBmwFBVV95cUxQT2tybWZ1X1NMVWUwVHZfbWk1SFJBaUpUbF9oVHpGTHRyWjdrVHMtMU83TUR5WFdsQldrQWEzZXVkOVNHZkhERlpILUVWdEc2MTRPY2hLMmtJTThjT3NkVjRpVHdlbVpTM3hEMTAwMEFRLW5ycnNaRURiTTg5TkNaYnpzZk5fTU9lUWNwaldiS1FDWkcyenVjS05Rdw?oc=5,14-09-2024
"She's an Icon, She's a Legend, and She Is the Moment. Meet Viral Baby Hippo Moo Deng",TIME,https://news.google.com/rss/articles/CBMikAFBVV95cUxPd2ptSkN4bWV2RFVya2RWS0Z2NHc4ODM3RTdnOXNxeHYzajlPZ1Z0TXhUTmt1c2FWNFhxeGM0RE9ZS19zOVhxS1lsbXVwbDY3ZFRRMHdKQUZXRFBBbnN4WEE2Q3ZqRS12d0E3RzJNNUNMWjNpM2lIM3dOVnJHbHBySGs3aGZIWnVmMnZ3ek9ZcGQ?oc=5,12-09-2024
Feed your Moo Deng obsession with this 24/7 livestream!,Boing Boing,https://news.google.com/rss/articles/CBMimAFBVV95cUxObXhvblNxTm5EVGZKd0poUzFYeC1wbFhWV083VzlmWjhjRnJ5VjVZOVduU2lBbEx5S2dxOFhvcHRGQjdyU0hvMWFZTVp0QmgzRFpkeVVHNEtpWGtfcHpGWHBnb2hIOUZDbGdKOVIzY2Q4SEg2SUlfUzctQ3o0QzV5YVhsMkxoNm1tazJCREhLc2hScnlUWWtJX9IBngFBVV95cUxNcE5JT2dIdUJ3ZVRUQmNueUlEZUlLR0F3MnRFMGh0NWVGckJPT1ZEaHhhOEhxbTUyVm85MGJOSE5OX2hidDlqUjlTbGlQbk8xSlplVng3OTJ0enZxTjdSVXlyQ0N6azc4UzhIVlpzSkg2UkxQQi1fSUhESW16bzJrRzdfcjBBN0diQUZQcGZrNDc0X2dmWVRULWN4cXlJZw?oc=5,30-09-2024
'Adorable' Baby Hippo Moo Deng Is More Than a Viral Sensation. She Offers a Rare Glimpse of an Endangered Species,Smithsonian Magazine,https://news.google.com/rss/articles/CBMi9gFBVV95cUxPYWFqN0NvZ25OV09YOGtMc0ZLTC1saDBNbXFOWUEzNHJUZW02alVOOWlwV2xQRkwwRHlMYVoybUIxTm4yZUN4WTJyckd2UGhrNVR6VTJWN1h3U19VMVVIS2RjRTdDU1JYTU4xX0I0bEp2UHZNVzBKT3FhdENTN3hvWlRPTW9BQ2NQc0d4ODYwd19iNG5LcXFGUGtlYko0SDlrdkVWUHdrc3NJcENwQ2hENW5KdjFTWW1RWkN0TWVQRWFyNGgwUDNDd1ByYWtGSnM0U0Rici1fM2lqTzJtcE13VE9Ub1EybUhIX1lnRERsTERmVE9uVFE?oc=5,23-09-2024
Moo Deng Is the Moment,Vogue,https://news.google.com/rss/articles/CBMiYkFVX3lxTE1VcmlpNG1odzN1aEYtWllFclpxOUhpbXdDTmYySEk3QjE1dVE4OTFEOGlfaXpTYVVYS0JIZ2pJZVVNaVRGTHlHQUw2dkNveUtUWEhfUXc5OUs5NlZ3VEVvb2d3?oc=5,19-09-2024
Viral Baby Pygmy Hippo Moo Deng Is So Popular She's Working on Obtaining Her Own Patent,PEOPLE,https://news.google.com/rss/articles/CBMiggFBVV95cUxNZE5DbV8zcGRqUjlwWXllc2FoVHMzVHBQWGhuWTFiUEY2clhhMnZaM0lCYjRMM1RCeGRXWVdpay1WbWNUQ3c1ZFdyemxWN1UzaDJQa2UtbzFiNWVFY2MwY2plQzF6enhvYmtKY3B2WWdZeWF5V2kwM3lNdFl0Y0IyZlhR?oc=5,19-09-2024
Our fascination with Moo Deng the pygmy hippo,Varsity,https://news.google.com/rss/articles/CBMijgFBVV95cUxPd3ZXb2xuejBLM1R2MWFvRFNCSlNTWWRxNUd4UWZ2U1ZjRm10bXBTTi1zWDF4Y2hzSzhyVXF0emlIdUdEdzlsSnNTNkNrY201c00yRzJwZVpFbzNJNWhLTzNEaEYtQk1HcWQ4MDRyMkpQVklJbUZocF9lZnlaOEZuQjRLM2l3RW1TaHdnQXBn?oc=5,06-10-2024
"Why do we love Moo Deng, Pesto and other baby zoo animals? Psychologists explain",USA TODAY,https://news.google.com/rss/articles/CBMiqgFBVV95cUxNaGZfN05FZmVZa2JVR21vQVBGczJva0w5a29fM3pxU1BXUGFkSWtkRkJFVC1DN2JoLW1FNUVwcnJwVmhqQnBaMnMzLXY5SnVPcG9MbGg5cTQ2Ujl6Y3o4ZEk0XzVadnZFYXR5WFNiaVp4R3BDZmVBVzRjekN4WG9XdlY3OUdTMzlMRDB1Q2s3eS1zQVlhMG9aZzlua0drcjFWcGt2Z3cyYy1WUQ?oc=5,18-10-2024
'Dream come true:' New Yorker flies over 18 hours just to see Moo Deng in Thailand,USA TODAY,https://news.google.com/rss/articles/CBMitgFBVV95cUxPX1VzYTQ0dWVubGhzU1ZZUkZKUEhUTEhNR0hKMXJGQjN6aVlQSmxCSG1lZC1kcHRFeXB5bXpPekpTRG1JLW8yWFZJNFBoSkpheHVuM0JNYVpwbTg3VThYOHY1Q0dvdWZNbGRlWGNIQlFVbFlhOWVlUGZxb2NucFNCRm1GdWFXMy1PQ0ZONTROSGFDYUhVckZVck1OUmFMeUU4bERkY2t2ck5PdDFHNXJqZ29nZVNtZw?oc=5,02-10-2024
"Moo Deng the Baby Pygmy Hippo Is No Longer a Source of Joy (Thanks, Humanity)",KQED,https://news.google.com/rss/articles/CBMiigFBVV95cUxOUm9fWXA1VFVIODdNLWsxRHRsbV9hY3ZlbnpnR01HMk9LeU1vckZnSXE2c3NrWGxOaS01RFVyX0dKYlpZNm1ucjFTdUNZcTgwRlFTdXZBc2g4QmNRMEVSY1psMDhfcVpHbkx6Y3pOZmItMWlmSzM5MFNvSGFCNklHRUZRWXc5blcyb3c?oc=5,03-10-2024
Why we're all in love with a little hippo named Moo Deng,Mashable,https://news.google.com/rss/articles/CBMifEFVX3lxTE5MOFljUXMza1I2cEdkOGVlWXpjbHRNclJUczdwT2tnbXFtd2pHU0hZdmhyRnhvOFVkQUlldm1EV0IzeTY0WVpiaEhPeW13Qm53cnRsM1R5TFZ5U2RCRElFWUNyY1JfRmdFNWhTV2Y3Z1lXRFp0dXFQT0lZeGQ?oc=5,19-09-2024
Baby Pygmy Hippo Moo Deng Doubles a Thailand Zoo's Visitors and Prompts Safety Warnings,PEOPLE,https://news.google.com/rss/articles/CBMiigFBVV95cUxOczd6d2piY0lVR1M3WjZ1WjVLakxXYmUxbnhDQmVRbmxrUjJrMEJveURNU01mbGtPSUJ6dzRzTHpBNlZxREIwLVRuMG53dnFOcXNOQ21MY3RFcUNOeFduU0xxS25GMnFsNW44c3h3dU1MZUlVX1FFTzd2ZHNzM0NVa0RlcFpSamRpclE?oc=5,17-09-2024
"As the world falls apart, a few things are still worth celebrating – like Moo Deng the pygmy hippo",The Guardian,https://news.google.com/rss/articles/CBMioAFBVV95cUxQNnhrUjctUURBLXRrc0pnSkRadURER2E2X1otMkI1eUdMZVpZMHVBOVZRdzJ2TVdmR1Y5dFJJSlNxcEZzQm5Oc29ySHZmM3Q1RXFqb2JLcVlfQTVabzh0N3E3VEpOQ3VXSk9WcDZNMDRUYm10TXBfdFlWYWtlcXZQUi1rUEtwbVE1dEM4eE8zWXQzMXhHNmVFVnVzRHdrQlE10gGgAUFVX3lxTE8xOUxudWZjSVlCdy0xNXl4emR5TTJnN0l5WkM5ZkFHLW1uSU1NZzdZd1c4YVJQV1l2MEthRlJ6VVljN2QzQWM1Yl9hUWFHdlV6OF9YZ3l4NnBsd3NmNFZwdlJrR0ZwU0FLVXpTX2FuaktrREp0eXZJMU1QS3lfdlJLRnBuOURrN181S1Ffd2U3Wnhra3lJcEJPU1R6dldIUm0?oc=5,08-10-2024
Why Do So Many People Want to Eat Moo Deng?,Futurism,https://news.google.com/rss/articles/CBMiTEFVX3lxTE5RTEFZSjd5bURZTVNsS1RVaWpva0JVRzBPeXV5ZFMxNl9FMEhmX0JnZHpaVVZvQ2FVQ2Z4dTRFLVRMT1hCVEc1SElXMFg?oc=5,23-09-2024
Moo Deng And Pesto Are Stealing Hearts Online!,DOGOnews,https://news.google.com/rss/articles/CBMihwFBVV95cUxOLXU4bWlaNWpGUjNDOXo0V2dmY3EtazlUOHhnUkNMb1VRUldpLXduUkFPZ01XZ0h3ekw3RFNBMDF5LWkzb05WcjRydjFCMzNTeXVjcmhUdmRXa01aV21kWm9mX3dOTktRdTdfZFV6SUc4TUN3VHIzMTZMQU93LXFBUUlGal85VkE?oc=5,30-09-2024
Moo Deng: The Two-Month-Old Pygmy Hippo Who Has Become Internet Sensation,NDTV,https://news.google.com/rss/articles/CBMiugFBVV95cUxQN005VW1mTU9NVmNtRkhKVFUwRmpqOGptd0doQ1FDN0NLV012WEFUWUk1LXhsb01FcDZtQTl1U2VQZXczSVR3SncwOWZCS1lJSVVGa1B2MVMyN1Jocy0xYUFfZlhLaGIydGtJN2ZGZHpFUFZVVXA0akJRa2ZibFZJcHBNWnloLWZ1UXd6SVYxNmlyVGFsVlBqbkdBdWliZlB6dmNpdnpIV3NzTHozSzB6TENidlZxRTkyTHfSAcIBQVVfeXFMTXluX3NOVUhsT2xiTnY4bXRJNlljS3hWaElPMDdsdHl1Sk9ZcDBhWGtaeHFXaDlzZFdKR0tVOW9KSlE5YmhvMTVfZUI5Y0lhLXRZOVhhbjRMQ0JtLWRFazE1em9HckM3bXhLSE9TVHR0Q005eDBGM0dOWDV0LXUxUjR6UnBWWVA4QmpjSS1xWXQ0dUNVVUkzcDhRdWp6b29rWVJYUy1adE5iTU9PTGNFM0ZQeHNBNVVoTHVVX3kzWEEyOEE?oc=5,21-09-2024
Quiz: Which Moo Deng are you?,The Peak,https://news.google.com/rss/articles/CBMiZ0FVX3lxTE9TaGQ2bmlBUFBhMWtnLTVDWHItalZFRmktZmpTVHJlSFBXalhKOWtHVmk4dldjSHNsalBLcUxCdkFSTkllemxZYTRUY292YTM0WkVDaGhKUWZORUdRU3l1NGFKeEhPblnSAW9BVV95cUxPamliMmdnSEpOOUlLeE9LNndROVZfYzQxbldCRGdRR2VyWDhyemRyNC1OblVwTUlNVk1GcEhvbDM5dV9OVjNJdWZxNjFBSDcxY2JiSnZ1clJabkR4eGN5MUsxbXFEYjhhclBkaF9zNkk?oc=5,22-10-2024
Moo Deng Draws Attention to Endangered Species,News For Kids,https://news.google.com/rss/articles/CBMilgFBVV95cUxOYlg4UUF6TlZmSlBJZjNrLWZnQUZJV0NJWXRHcDBUeUZjdWRiZGdTR09QUkpaUm1pUnlnUDlxYXRwOHZsN2RrWDktV2paTUpwY3k3SmVNaFRVV0lTczBqWWRkcW82anR0YXhKbzBoTnBKYjB1YXU5LURIcHhnMGk0MWFDSC1PY0N6WVFLeTZwN0hoTi1vSVE?oc=5,26-09-2024
"Everything you need to know about Moo Deng, the iconic baby hippo",Yahoo Life,https://news.google.com/rss/articles/CBMisAFBVV95cUxOcVJLVnBoS0tGV1J0clNxQWs4b3psREk3UTgyQ0w5VTJYUnpzNEpZQ0FPY3RTNl95aHA3Nmg0Q0ozM1hxWmFIM2xxLVBEeHRmRDhXNkZGOUljelhNNXl5ZElHOERPaDZOMWhxQVB1N3VaRnBRdl9qR21CaWJiam9HcE5UaS1zUXJIZ0Q2SjJYUDYzZEY4RkNfc1BnTldXaDg5WVR3TXo4U3JueERtV2FtcA?oc=5,02-10-2024
Internet Sensation Moo Deng Inspires a Closer Look at the Pygmy Hippo Species,Tomorrow's World Today,https://news.google.com/rss/articles/CBMivgFBVV95cUxOekZkUGVTRnlfdmU3YUg1ZHRlbVg4dFpFTlltYXBNbEo3SU90T1UtWWN1SkpkUVZ3amJ5Q3FXZ1R6enJYT0g2QXJ5TkprejQ4RkY3bGlLMHAyRlgwOXA3LW9UODFxcWx3and6SXhNeTB0NTd5cG5HdVdBc3NhVEg0ZVZsc09QNnpIQUJueHp0MWkzdjV6X0VnUTByUG9iZnVtR0htNHU1SnI4aklqSjRvU0JITTgtc3l3aGk3c0xR?oc=5,24-09-2024
Thailand's adorable pygmy hippo Moo Deng has the kind of face that launches a thousand memes,The Canadian Press News,https://news.google.com/rss/articles/CBMikwJBVV95cUxNeTVaZHhXV1ZRcUcyUVFwZTN5UWR3Wkd1ZlpKd2F6eVpQVWpPZ0kzdlFwYlhCUHhkcC1GOUR2TU9CVHhYMm1RVVZFYm9wSTl3UExQTnpnVVVzSzRpOVZZTkFOcVFaN2N5QzVKU0hIZkM0cXl2ZGtlcl9SbmRNbTUzU094XzdRTUhaSUJwNzhqTXlGTExlNThpRGlDVXlNTUVKczY3WXFKenpPQzJpZWM2c3VFMjNtREFGR0lyUi1XUG91OW41cGNnYkc1N1ZLcGtCSTNDdHdjaDczcEV5SUFzX1pJY2Z3bmlOc3RsYThjWGR2UWNBY3VXa2hjMUJLd1otdjBLYkdmRGZMWERYd0VJaXZ3VQ?oc=5,20-09-2024
"From Moo Deng the pygmy hippo to Pesto the penguin, these baby zoo animals are going viral",CBC.ca,https://news.google.com/rss/articles/CBMiWkFVX3lxTFBNZ0RmMGZGcHJQY3JqMWtEb2I3b0djVmo4Q2RSZ0tQQ3FISVpYT1F4a20yVy1JN0tXdFZCX3luODZBWUxHRFo3NGlpUkttcjBsQVpoRk15RkpuQQ?oc=5,12-10-2024
Is Moo Deng the new Doge? Hippo's crypto takes off,Fortune,https://news.google.com/rss/articles/CBMifEFVX3lxTE0zQ2tCS3B4MVp4SlhmMkc2QXcwa1VaRFM4X2d4UlFpZENfR0hSX3g2T0tDdDI0UXQ4QXRCbDNMdE9zdkFJVFhMcFRWUkRGM2RaY1ZLRmV4Z3ZPOURTaUk3TE1mQnBqVmF3TUFBZnY0RExUWkJYbHBnOVhpWDE?oc=5,30-09-2024
Moo Deng gifts: 14 best gift ideas for fans,TODAY,https://news.google.com/rss/articles/CBMiaEFVX3lxTE9hZ2FhYmxTRXpvRmlDaDd0VFU3NUdNNkVXLWFHRUlFdmFzVV92dWpBaWxrSFBuWC1GYnVPTkFTMFJ0VHpIQklWV0JUR09VTXF4R2hEbWtHR243WXBIdkRteG5zTU5xc1do0gFUQVVfeXFMT2NzcVFwVjBSaXI5QjZDZVRBVTVZUWZncUljalM4dWRSUm0tQXA1QU1wYUlvaUxnLUJTbEI4V2NNbTFrZ2VMRVIzZEVMTjZiNkh4TkNW?oc=5,30-09-2024
The Baby Pygmy Hippopotamus Moo Deng: Who Is She?,Glamour,https://news.google.com/rss/articles/CBMifkFVX3lxTE5UekY1bGljVjNuN1M1UUsweGlvWlNlTk5HWFRlVHhxdTlkZmpRS1VuWFcySTlPWTVhTFVpXzRHcFpKVkt3emhIWURyTGlXNHFpNDFWWlRoaGVWUlFiYnpkZ1NTMGdIRzQyT2s5Y2Y4c0gxWDNpaXZfRjhxMTN6Zw?oc=5,24-09-2024
Funniest and Best Moo Deng Memes Do the Sassy Little Meatball Proud,CNET,https://news.google.com/rss/articles/CBMipgFBVV95cUxPNjZGWm9MSmd4RWVIVmxSSFNfNm8yS3RuTTZxcDNkVl93dUFBbDJ6bkNSQWhrYVNjSURwcUNnZElXYUxSTTdvUE5aWklFdklDUVF6MC1ZWHE4eXk1MDhnbVBZX0hJdGZHV1J6SGZqbExYUGdlMmR2YmZqRnFaaWlFenBuUlRScndHTGJ1Zi1qU254emtUdG5iNll6T1ZKMW1BYW5BTzh3?oc=5,30-09-2024
How Moo Deng the pygmy hippo is different from common hippos,National Geographic,https://news.google.com/rss/articles/CBMiiwFBVV95cUxOc3JjV1RISFBTaHhKbFQtTzhEVzBzQ2ZoUzBCRDV4bVJ1eVFNQ0tTVmpBQ1lDLUJTOGY4OFRGX2V4aVZKcHdRcEhDRXFyQnpTaUVIZkU0MjJJYU1GUl9uMGdsYnJlUGtUemtDRW1wRC1KMnJxb1NuNDZVajk0VUZXTW84ZF95dXV2X05r?oc=5,17-09-2024
Bowen Yang Rejects Claims That His Saturday Night Live Moo Deng Sketch 'Mocks' Chappell Roan,Yahoo News Canada,https://news.google.com/rss/articles/CBMigAFBVV95cUxNdkxpMnJwRDYyTE15ZktOTnQ3Sm9WcVZ0MkUyYkUzN2hEN0hUU1pQWWNuZ2hNYU41RHU1YUtvT053UFRMUXVEZFdyMXpobDVWY2x2eFhiQzIxSkMydHdEdFpjZVVWcUlGektnYW4wUUF6eE9rNnQyYm1mUEZpNHRsdQ?oc=5,29-09-2024
Moo Deng Might Be Too Popular for Her Own Good,Newser,https://news.google.com/rss/articles/CBMiiwFBVV95cUxNbGNDNDBJSzVWeUNOV2Rlb1JkNDFzX1BBVlR3MzQzU0FtT1RRNjF3NnpZR1VjR0MyXzRWaWhnQVgxUlFoX2w2ckk1RnpKcWU1YVdBLWtNc3gzSkdGWGFqWXNTNXVIa1RGMnpXRmFORS1Lc0poS3ZDX04tRzUxeWYzcUVUMkkwVjNCR01j?oc=5,18-09-2024
"Safety concerns have been raised over Moo Deng, the pygmy hippo that became a viral sensation",Deseret News,https://news.google.com/rss/articles/CBMifEFVX3lxTE9Ta1FEM0QxVXJJNUM3eUl1eDVYTFpwQ1E0dE14WGZxcHY0TW9nTEZBWDRCdmFoMWdlQjVQNHVLU25QT3VwdkhTWEFOYW9lYWxYX0dhWDlDM0tGdzZZX1N6aEdyY1U3WkFsVTh3ek1NM0FOWG9KZnBLR2ZuMm4?oc=5,19-09-2024
Thailand zoo defends viral baby hippo Moo Deng against Peta's captivity claims,This Week In Asia,https://news.google.com/rss/articles/CBMi2gFBVV95cUxQWTA1RE90cE5BWWdwMU1TOFNLYm9hbnRLcjJEOGwzYV85ZDlBUUNVM3FPb0l5WnVucEJlMmFfZTJiWWl3cktHVmlfbmpTQlR2X3B1cENxRWFhRElpTWhzWE9CcTNTblZKdjlQSGVzeF9VQ3NwQUJ3c3hhQkVLeG80Rl85VF96V3Q4bWVfSHRyRFdTTWZLQ3BNcTlwemxsdGZJMTN1eWFwaHVHQXpUWjV5RXZUSG5IcFdWdTFHcU9wd1FxNld5QVkybExQbnlJT25mZk0xY3VyNWRkUdIB2gFBVV95cUxNLW5oeTVKZS1EWUtIT3cta0RNVVR6cFlIVnA4ekQ4dk5pZjluVUVKSXhmYmMzankwZGxBUWRJOExJMmtiUDZ0RGEtYk5TbzJOdkVyRTNUYjFkczVvVjZuVWZGQzFZN1lsc09SQzlGblowbmJ3SWQ0NVNVcEZPUmJnNXd0SnI5bV9EeHY0bFNMMld1X09rUVdrR3N5THd4ZFZhbUN3bGtjQmlrMDltTFg3OHBkanp6cFl3STdWOXpTSUcxaFFaS2tVZ3pXVEJKTGRNMnBueEpfSzFDZw?oc=5,02-10-2024
Thailand Zoo Plans to Trademark Its Star Hippo Moo Deng's Image,artnet News,https://news.google.com/rss/articles/CBMiggFBVV95cUxQb2w2SXNoaDA3dzRzNmZVeXJ6anc1YmJwNk9CcGtVQU5Wb2paNzM5OVlsRlYzdXlIMVdRSmNnaGNVZ3pQdmhjVlJQVXNfWTRIdzRLX1VBWjhGMUNaNHRhSm4waWV4RDBlM09FYm1jVUZnTWoweDhPRzk3elFQb1FvT1RB0gGKAUFVX3lxTE9JOC05ejBRUDF6VFFaeTR1a1ZMWVNVR3Q1NVJJTEFTc3hGNW5raktlS2U3UFNKYURVVHJPakEyWkFfZXVLMDJtMExCRERnaGZiRlVDLUlOaDVxeThlQTVJWWJqNWp2Ymp6elRCdGlVamZvMHZPTkQxa2FwZ1dWNnk1Y0xvZEJ1ckdrQQ?oc=5,25-09-2024
"How to Livestream Moo Deng, the Baby Pygmy Hippo From Thailand",Vulture,https://news.google.com/rss/articles/CBMicEFVX3lxTFBCS3dscFRCV3ExVThOc3hkMnFkVmRtR3Bpb2oxQnJySkVJd21Bckk1M0cySmZhUkpHWUs1NHZLOVBRSVl3bk5DRk02VDJnSTdoaEswaEYxS3dSUWFqaGVZZUlvT0FUZ3pZdlFQN1lqcDk?oc=5,26-09-2024
Thai zoo moves to patent image of viral baby hippo Moo Deng – video,The Guardian,https://news.google.com/rss/articles/CBMiuAFBVV95cUxPTldnVFB0OXJVVzRpb2p0aXpjeU9rdGhlOEhXcHJSWXktN2hDM0NzUlQ5Y180d3hGYVplRVlKZHN2MmtUV0N0eW9kNTE1OVp0VUNMYzBXQk16dkhOMlVIcUJ5cEtHUlNxTFFHR3dLZmw5Nzg0UTQxZjFaWlV6c3lBSG00TjJSSnA0Q1pYX2I2VVFqN1lRYlhraDUwRDJHaXY3bE9UTTZvVDZFb0lmelZtaDFPNUZiUHFw?oc=5,19-09-2024
"""We have Moo Deng at home"": Where to see baby pygmy hippos in the U.S.",Axios,https://news.google.com/rss/articles/CBMihAFBVV95cUxQRXJ1cFMwZGI4cXFHSTBhN01YMmd5Y3VuOTJYMlFtd09VOWtWUDA5ODFfVVgwVmZBd1pNeHBCdkgxR2dleFB4d05OU01jZlJxR2ZvOElJN3VQWGhQU0tjaU5pX2E1aS0wTUdXQndMQURSNDZtYTY1STl0bGs0Y3ZGRDBmNGc?oc=5,05-10-2024
'SNL' Mocks Chappell Roan as Bowen Yang's Moo Deng Takes On Crazy Fans,Variety,https://news.google.com/rss/articles/CBMikgFBVV95cUxNczdPeHN4Zy1BcnI3Y0xrMjdabEZoYThjYU11eHNKcDBpakVXYW5ybHVBMVIza2N2a3VFeDgxZThvclNUNzBnZmIzNlFyS3F2bUI3SzNsZmZScVY2Rll1alpWaDhGZy00THc2Ukd5SmM1VHVoazh0eUI4OGJ6WlA4WURrOEg4dzBfaldlenVvMXR0UQ?oc=5,28-09-2024
Meet Moo Deng: The Internet's Favorite Hippo,Her Campus,https://news.google.com/rss/articles/CBMihwFBVV95cUxPVVBuTHpaYW41Z1RYQVlEOFgtQTZ2NHptQ0xaX1J1LVRXenhkUlkya1JTcW1kNGRXUGE5UGVPODFJbzRZX2lIcTktdDhyMlBRaUp6dERmcnU4NnRIUWhuVWdsQWFCTUdKdVNkNjAxZGdUMDZ0RnBidXdSbUdxQkJuX3BWVXhZQzg?oc=5,27-09-2024
Moo Deng: Decoding a Viral Sensation,The Rise of a Hippo Celebrity - Khaosodenglish,https://news.google.com/rss/articles/CBMiwwFBVV95cUxQOFhrUmdGM05XdXNKVE5GMFZoRDBvVEFiVWEwLW03T3U3ZnpIbEdUdThENXhqZjdYTVMwc1oxS00xcW5lRnpIMHFMMkZveGRzSTdsV01sd1dtNlBBVG0tcDRjcVg0QmFWd0J6X1BJMmVqREg2LUZZam1Uci01Mm9GNzBWS1Nfc182dV90SUE3WndDR2pIX3ZzZ2dQMWNqT0NjQUl6NFVONGFUYzd4V2c5LUVMb28yNHJiMk9ieTlzMDBJWUnSAcgBQVVfeXFMT21Ga1dLQWVac0FWWTJhbTBaNEZyU0ZWaE8zVVdOYl8yN2ptV2gxVC1LbU5sV2J5UU5LV2FiQm5DcnVQUW43QlpWdjkwWlVZNFoyNVd6V2JGbVEzOUpYSnJzNXpIZTBDbEdvaTY3bFdYSTNIajVWclJYQVkwVVdoWWdtUUlJUHY4ZjFORkpya2ZGcmlMR2FZU2xxcW1rcGJsN0piZDhGQlMzdHJuU2RsSlhXS1B6WGJXMU1DUEl5QjBmLXNqNTREdXo?oc=5,30-09-2024
"From the Group Chat: Moo Deng the Baby Hippo, Frog Princes, and ""My Old Ass""",theSkimm,https://news.google.com/rss/articles/CBMiiAFBVV95cUxQemgzMFd1NWtKWjhCVDQ0b3FZMXZtd29tdjJ3Q2pOWHctTW9kNldSQWgwOU1OWDM0NUZrZURiOG81U1J1dW1Bd2JOaWw2NThBdm1EcmozMzJ4VURsakNNNG01Q1Z5bk9pQmxPcUxmc2o2YW1KR0JPSkJsZE5hNnZXTExQLWVMMUVU?oc=5,22-09-2024
Watch: Viral Pygmy Hippo 'Moo Deng' Stuns Internet With 'Moonwalk',NDTV,https://news.google.com/rss/articles/CBMiqwFBVV95cUxPZTY0NjdGckgyaTJDNG45N0NvRFFqLXBzXzdGZ2Z6YnlOLTVkZnZ6c0U3VV9ENFJ5bnVfQzNxVEpreFhUdzM1ZmhWYVVHRnVsalNkaGhCQndVTlZzakc4blVrVFdtV2FqU3IwM0VXWF82eFQyVHU2cTZNcnhYa29vbXVrSS1rMVNBZU5CeEthYTExTFpHUERuRDVndXVIM2Y4VFhiWV9ueTFoM1XSAbMBQVVfeXFMTkVsczFaRjVmZ2JHS2dLeWt1X2NYN2VTODc1VkJ4ak9vYXFfNjJrMEdkUmFjTkQyWEJVX2kxVDNGLVRlUWxUNTJYUURraEhFckJqeEktNV9lTWxDYkxITUgtNEpQTzBNa1EtQmhWX29XbXVYV0RvLWNOQVFvR2xTSEJYNVpTMHZXMkc5bVprZVlxMEN4aV9TNTE5aEN1ZE9RaWQ5WE1TdktvQmVaZkM2ME5XTkE?oc=5,06-10-2024
Zoo chief vows action against visitors harassing popular baby hippo,Nation Thailand,https://news.google.com/rss/articles/CBMiYkFVX3lxTFBqbGMtRXc0dWVvLUI2cU9CZG51M3VCUEdMSFdSaUhFNExiOUZZMUZoT0tYLXc1djJzV1pWai1kTUJoZFZITWg4dmUyWlFTNzJrMjhldnUwcmcwT19hclFzZ05n?oc=5,12-09-2024
How baby pygmy hippo Moo Deng is handling her newfound fame,TODAY,https://news.google.com/rss/articles/CBMiogFBVV95cUxPYkhVcF9oZ2pvbWlFMVZSc0FvZG53ZDdZZHdDWDJxSmxUSUp2bDBjZk1nNHdwS1E1VURmLUJ3UUJ1WXB6M1dHZVN4S2JmaDRWUlFyUzBFaEEycVQzN0xCZkpmamprU3RIVW5NR0hleWJwT2doNEFGUk0yaGpOWkdKc3RmY0pwUklkdE1JeVNTeDFGc0JTXzhWbnRzNmJlckd1Y3fSAWRBVV95cUxOdUJ1dTdzTmxMNWVVOW5wMERjOTNwNzd0aXhfenB4NGdZbnotNmdEeTZYNlF6WUhlNS1zOTNPby1kbTkzVnRNVHNFRHhLNlczakVPdlFMTDNVakcxYi1sSXVwYUpn?oc=5,26-09-2024
Baby Hippo named Moo becomes viral sensation,NBC News,https://news.google.com/rss/articles/CBMilgFBVV95cUxONnhKTlB3LVYzejZqNzB1anR6QW5hYl9iWWdPZTJNVG41b2JYRkxGa0U2TGstWmtsVDdnaTNnVFg4bkJ3dHhTcTlCTFBQNVB1YTVCM0FGQ1pPU0xwTG4xVWlrdnJFeW5KSGxfMXNUWEU0TnVjbXJuVmhzWm1WZTdMTEd5bW13MHhJZVhnYTZqNEh3dVJrZFHSAWZBVV95cUxPNURlUVNpMEtBWU1rZHV3cDBjMGJBQVl0V3BzdF9zYlljc1JLSVUxMk5IZnNCRkk4aEdFWFhtVkliU0tORkVPQ1VEcFV6a1JUZE9hNXZHRE1WU19vRVZ1SENEUUZJVkE?oc=5,13-09-2024
"The biggest makeup trend RN? Moo Deng hippo makeup, ofc!",Cosmopolitan UK,https://news.google.com/rss/articles/CBMipwFBVV95cUxOX0Y5eG56TTdKdGw5eHVzRUttM0hOLW4xVWg1RFBBbFFnVHlrRmpIVFpwdWJKWmVGNTZoU3ktSTR6bDNjVUJlUTAzeTdsWW4tQVZucFE1ZC1CUXJEQXZ6WUZZZ0pWNWYyRWpEQTV4WF9Yd1ljYkdzbnFYMlFaU1Z3SGk5VmZmc0t3cW5YcVZCNVEyaXBmaXRZRDBRNjlpU01sM1NGbzhCaw?oc=5,23-09-2024
"Moo Deng, the baby hippo is internet's favorite child right now; 7 fascinating facts about hippopotamus",The Times of India,https://news.google.com/rss/articles/CBMihAJBVV95cUxOU0dDeTVBcmtWRXB1Y3NqYXhmVExWUXNYOUlZdlI2dm84MkhQeVdqeFZlVWs5N3czWl9HNXZXTEltU0NEWjZHU096N0lURFJNNDIxbVZ3RUNsVmxqZ2ttb2p5QXFpakdlM3Y0dUlsU0JDdTNjVDBBMW1QWlpXWU5DWG1CdW82OGhIekRzamUzM29UNy14eXgzX0hYN0UwX1NrNlV6MGxYR21hQVVXMnQwd3U5YjEwejRtekczSjJnQjJfOVhVMk0zdFlSSmI5cHA4Z2JMRnh2cUZIUno1akF0WGhyWXQtNG82OXVmWWo3b3Q1R19iS0pjZXc0VWZ3cWhtU2FCUtIBigJBVV95cUxQQmZTTkpEc0xiUlEwS0NCcHpHTUpzQk5oSUpuNnhwNThCRUxSalFrdVFfTU14eEUxaEVzb1h3MWpSZXZSWFFMWm9TT3RqLWFIalZsLXJEY25iaTNqY2ZNSm1seHItSTJqT3lLRDhzLVJpN2NHSWRCM05FMXFpTUl2OVRUV0kzWmZOdGJRLWxLbGRHT3BROFpUZXB2R3dRejF5X05La3ptNnU5VndhMkVuSzl3dlU3cEszbXloR3FCdkdmT2J5eUxwazNEUUdmZm9tWC00bmpnWFNKU1RmblhDeFN4V0F2aDJBMnp1cFJOWlJwSmVWYW4tamNMTko1cUFtX01qbkprX1R3UQ?oc=5,18-09-2024
A Baby Hippo Is Taking The World By Storm — But Not Everyone Is Being Nice To Her,HuffPost,https://news.google.com/rss/articles/CBMigwFBVV95cUxQZ2hLVXgycHc4bVAzcnBrcnN6X2ZiaHRzbVBmSUtzSDFnVzRJRFEzODhYRlNGeXZSS3VpeVdGMG5uSG5VdER2aXE2M3llenAtTXBfT0RzNjVxckx1QTVVdVJsVXJNUFRsVHB4SXJsSzR3OGFCTjU3T1NSMUYwVElkU3pLVdIBiAFBVV95cUxPcHJsTXBrTEZ0cV9yeTNQTzN5d1FLcjEyLWZYZFV1ZEY5RlFwY2xzdHhvRDM0cVdfTmdoTXMwSlBWbUhyTE5waURjRXZjX1pXX3RoaDRuZ25Wc3MxaDJyZEU3OTRITnozTzQ2OWYzdzFGZE1mZkMya3lJV2dxTnl0V3ZmcVl0MDRJ?oc=5,14-09-2024
Who Is Moo Deng? Meet the Baby Hippo Stealing Hearts Everywhere,E! Online - E! NEWS,https://news.google.com/rss/articles/CBMiswFBVV95cUxOYzVOekptTl9qODA2bmczOEJpT1RxVU8yQmhGQ0JyRkg4VnRjYS01ajd0WkhaNXJQYVlyNDl4SzJZZ3BuVVBaNzdjenNIQ0hIZFAwYm9xNHJUd1dlUm1QMlhxbG81UmZOWUo4VDMweVZUN0p2YTh5alpOajlJR0RDSmlwMEVSYVZxSDNzd3A5YjNRUmg2QU1XYzBzSzEyeUxvbjJRbVFSRzROYkZaZC1OejJORQ?oc=5,18-09-2024
"Moo Deng now has her own crypto, because of course she does",CNN,https://news.google.com/rss/articles/CBMidEFVX3lxTE1RMjl4NjFpdzBHRUJMVGc1WGtiS3FwX016LUpvbnZzVmFmTlBPWGdoS2dmdUlmZHpEdXBLOGpKNE5sd21nWk1UODg5V0lKNWJ2dkp1SHpuM2swWDFibHpOa3N6ZHpRdVRnNU9mN1M0ZVN0ODQ30gFrQVVfeXFMUDlEVzRIOFRFMFJ6TnlrV0VXMExXdy1SOUF2TER6blBxM081S1hnd2xoV1J6c3laelVFZ2dob3JvcEgtRks0eFU3bXdxT0NCd2V4V2hobERkaGtmUndHR3l0dTA2Q3JYYk9WUTA?oc=5,27-09-2024
Could Moo Deng be canceled? Leaked video shows famed baby hippo biting zoo worker: 'Kind of mean',New York Post,https://news.google.com/rss/articles/CBMipgFBVV95cUxNcml1MGUyTjBWV01Yalo5TzZ0YVBfVEVUUG1kVEo5cV9VckZvcGZpT3BCNnJ1ZlozV2JBQzg1a0xjMG9vZGhWQmpfR3MwRzZjaXM1a3JSUVJiN0ZBcDlVckVyenI1UFE4dHkxNXg4NGlwT2JwQVR1LTliVVpvTERwVVZuTS02eXh3QjVBMmphX1ZNdUotMGVRa09ZVDd0QXQ3OGhvM2NB?oc=5,01-10-2024
Thailand rejects criticism over pygmy hippo Moo Deng's 'lifetime of confinement',The Independent,https://news.google.com/rss/articles/CBMilAFBVV95cUxQVFlFSVFWVG1hVzBzN3Zrb3RmYld5TEQxSEdFX0dJeDBKOFRpU2gwU3BubG5icUZkVnFVSjVWY3pLUVBCV2NGaGliZS1sZk9zQXAtMXpwaURvWDJvVGlsUjBVTjlLT2YyNlFDVUEwWGJJX1RWeGY1TmpMcTR2VW9rUk1pNTlDaTU4ZUZVN0kwVmJTQmFU?oc=5,03-10-2024
The internet has fallen in love with baby hippo Moo Deng,Mashable,https://news.google.com/rss/articles/CBMiZEFVX3lxTFBMS2ZaRjB2Z0ZMLTlJV1NkUk0wVUtGSWJScjZacjF4bHlUbjBmeWthd2dwVW50Y2E2TXRYVnFaUnVLSFlKOE1hOGlwZkhVVUdFQmFhN1gtakt5a1g2ejFhRnFWSFE?oc=5,13-09-2024
"Moo Deng, the Pygmy Hippo from Thailand, Is Getting Too Famous for Her Own Good",Gizmodo,https://news.google.com/rss/articles/CBMirAFBVV95cUxPczh6dVloS09nVGJicXFSTFplTWp3ZVk2eERqVXZfTUlndHdqR1dyWFg2NGQwbmdpeXdjWG5IZ3h6eWpxa3llUWhtZVpaYi01X1ZtSEswb2tkMXo5cHBpT2lobXAxTlI3RGozbGRjVGVQdXJ6MF9zRFZNZmJVM0EyXy1IOTRsNl8zUW03cmhTOWdYWlJXTHpPTFo0OVIxZ29TQWlTQlc5QWUwcDc3?oc=5,16-09-2024
Moo Deng Solana Meme Coin Blasts Past $70M Market Cap in Two Weeks,Decrypt,https://news.google.com/rss/articles/CBMilgFBVV95cUxOcEU1aEE3ajVkNGxidWdDZjZiNHo4WXNNVHd2eG1SelgwZHFoZWJfZ3RPZzdBUlA2TWt4bmlwZXdrNDJsazRORWN4UnNOcUxUZkdHRU10bVZUd0VFSDhXY3huUFhES2tQYWl6dXVfX1o5ZUVsclkyZ1AwMlpXSEI5Wk8tTG5TTVlTUG9vODhwa281VERwOVHSAZ4BQVVfeXFMTnZOVHoyUVowR29DdkhBZXZZR3J2eVF2UVVneXYxWm5KS0FzZWtJeWFLOTgyaXBhUjNOdURxMVBRMkl4ektWRmpodkZQN002Y2FRYUhMa09Fd2FSR0RqMGZsYTVzMUhfdWlhenJtdHhWN0h2Y3JVdUNTV3JLUExBcXhQRERoUG91WXJUSG1vc2MzbFczMnJaNXdJdFN0eXc?oc=5,24-09-2024
What the Hell Happened: Moo Deng's World Dengination,Harvard Crimson,https://news.google.com/rss/articles/CBMigwFBVV95cUxOa2FQTC1pcGtUQkpDX2c0ZDN0QnFhV0RISDVLSW44R2xTc0JuUEVXb1VwZVd3R0FiUmJVT1Q4aEFFeFBpU3VFSHRJWWJ0Y1hNNGhaVkpRbkJSU3dTaG1rMnJkNlFzR1hYWmgtQUlmWjQyR2o0VFphVUJhUGFtNzk0UTlNdw?oc=5,15-10-2024
Moo Deng's Meet-and-Greet Hours Cut for Safety Reasons,TIME,https://news.google.com/rss/articles/CBMiYEFVX3lxTE1BWElYZEoyLWwzV3dRNnQ3XzlYUThZeUJ3Zmt6QmZsel9VdzlFa2hIM18zWUNUbGpiZ1BnRXl6MTZBNjNpWGhvQVlDWVByVU9OaDIzUmFEVFo1Y2JaSll5dA?oc=5,16-09-2024
"Move Over Moo Deng, Viral Penguin Pesto Is Making Waves",TIME,https://news.google.com/rss/articles/CBMiXkFVX3lxTE1xUExVM1V4Ti1yRThnQzIyRll5QWE3cXFVeDlPd1JieFY0MzZLZUhkTGJZS2JTcVJoWjRERF9BN3IyUEhtVG14S2VvWGlQOW84TVllSGQzeGxibVJqSkE?oc=5,20-09-2024
The Hottest TikTok Makeup Trend Right Now Is Moo Deng Blush,Business Insider,https://news.google.com/rss/articles/CBMilgFBVV95cUxNbEltbDYzb0Q1RGFrTk94NWM4bFBTTXBra2pOUUZlOU5WZDFpTUVYX2h4bnItdjBPQ25IZnRHSWJoUEt2SXd1NW9hNGpsTUNFc2ZiSndnSjhCQUUtbjdxT1J2dDB4T3oxVlNCRWw2aV93SmFwS0ZKV2drT05IdUxEZ21zTU52cU5zWDJObFN4S3lKTmlYOHc?oc=5,26-09-2024
Adorable baby hippo Moo Deng to get her own line of products,Nation Thailand,https://news.google.com/rss/articles/CBMiYkFVX3lxTE1kX1llQmd4cHVRZXZIY1lYQktuUlFtZEdXY19xSGQ3aFUyTnNWVG9yRXFyQlRWWDJXTVkyeVgycWdyVTEwRFZUYlFGWWJGdGF3bFE1SkpENXhZLVUyT2VnaXRR?oc=5,20-09-2024
"The Science Behind the Internet's Obsession With Moo Deng, Thailand's Celebrity Pygmy Hippo",Mentalfloss,https://news.google.com/rss/articles/CBMie0FVX3lxTFB5dEJ6a204YXZDR1lodGdBYzQzRXJsNFBFUW4tejYyNEtzbnFWQ3N0WENSMGlQZ2VwWmVma2FzazAtZlJzSnNoWDBnWktDbDVlbmMzMWZFLWZXbHFrYVdNeDdvaWpQbUpjeEFxZFdsTTB6bTBDcVd6czNOSQ?oc=5,25-09-2024
"Moo-Deng: Baby pygmy hippo, Thailand zoo's viral star, is paying a price for fame",The Independent,https://news.google.com/rss/articles/CBMipgFBVV95cUxOYmJBZzI2NkVZWk16YVdlRjZVQnZQcWVpUHZpbkRqVVJ6b2ptSnlSMWJ4Ym91dzBWUnZmN1NrZE0yWEZKNU0zSkdGMk5hc0hDNWFpendUX0pjeTRlVF83TTZLZDY4OFcta3d2WFF0aWhrTEptaHZZcDkxdjlRUGVNODA3ZGktSkhWTGI1UUlETVItbVpHdm1PWmE3aHRHSUl3M2xqdmtn?oc=5,13-09-2024
Can't Stop Looking at Pictures of Moo Deng the Baby Hippo? There's a Scientific Reason for That,Parents,https://news.google.com/rss/articles/CBMiZkFVX3lxTE82aTctRGdOUnhQLXM4RUVDVzlJTUhUSVhJNzEwV1ZXVGUtV0huYUNSTjFqUHRjLTdHVVFsNmdhQTUxcHFNM05BOGY4dmo5bUxobm9nTkdJN3hYejFqVjEtdTdBcWJHdw?oc=5,24-09-2024
Moo Deng Halloween Costume Ideas For Stans Of The Pygmy Hippo Queen,Betches,https://news.google.com/rss/articles/CBMiakFVX3lxTFBManNTTUloVkNwQmJLY1JTMGFEUjg3RlBDb3pyZ1ViN29SM0J6dXROOU5MYzFDSXBCWk5SYk1RSk9TVGRDSnJKempFZGtQTWMwVVBSYWxjV0NfTzJ0bE10TTVteG9RY2xPdlE?oc=5,21-10-2024
Animal rights group calls for release of Moo Deng,Bangkok Post,https://news.google.com/rss/articles/CBMipAFBVV95cUxPR2VUUEFlb3huQldIa29YV1c4XzJRUG9uOENtSm5tUGc0UE00bzdLRnRzQ2NOV29SRGtpTVJubTluc0IyLTYySGlDVmxZcEl5MGh5Q29tQ0JkdXllOUlCQ3NydGlRZHg5dDVlY0JRZmtVS09zdTViVnQtYUpRUzV1czFYWG5YdG93UlNHUWp3QThZUGxKRG5oeHJ0bmd2dlRhemlnTQ?oc=5,28-09-2024
Thai zoo urges visitors to behave after baby hippo Moo Deng goes viral,planetattractions.com,https://news.google.com/rss/articles/CBMitAFBVV95cUxOaDNHSVRKUlVyNVZ0ZXludF9tZGpjM2xlVE9CU2dWbm94bXFWSzBQc1J3SGxSc0dQTWwtU0pRSjBDSzFCOHRySDdKNmdoWlVQVGdWTjdOS0xoZzlINnZ6VHZTeWlmdWhjakFwMWlRbEU5cENPbmdBRW16UndVMzZhQkU1aTlRdEx3NDRZWkdwWGtNM1dnN29qd0xlX0p5MlhjdDdMLTE4bWQxVTJIMlgtNXI4Snk?oc=5,20-09-2024
The science of Moo Deng,Bangkok Post,https://news.google.com/rss/articles/CBMijgFBVV95cUxQVEppQnRkY2hROUxGalJNNng5N18xU0xXMkhmLUI1WVhyV2JqNFdycHk2a3lOM1FiUm14Y1hkYmxmMzFWYXVBaXhZeHltVlVFUkVFV2szSmFUSHV0T2RWU2Q1TVZEUkU2dHQwaTQtVWlNWEs1aE9VTkNTcDZicmVzbjBrdkwtR25HYVNiMGF3?oc=5,24-09-2024
